<?xml version="1.0" encoding="UTF-8"?>
<metadata>
	<idinfo>
		<descript>
			<abstract>Boundaries of Uganda's 80 Districts as of 2006.</abstract>
			<purpose/>
			<supplinf/>
		</descript>
		<useconst>Dataset is not for use in litigation. While efforts have been made to ensure that these data are accurate and reliable within the state of the art, WRI cannot assume liability for any damages, or misrepresentations, caused by any inaccuracies in the data, or as a result of the data to be used on a particular system. WRI makes no warranty, expressed or implied, nor does the fact of distribution constitute such a warranty.</useconst>
		<datacred>UGANDA BUREAU OF STATISTICS (UBOS). 2006. Uganda Administrative Boundaries GIS Database. Kampala, Uganda: Government of Uganda, UBOS.</datacred>
		<citation>
			<citeinfo>
				<title>District boundaries of Uganda - 2006</title>
				<pubdate/>
				<othercit/>
				<origin>Uganda Bureau of Statistics</origin>
				<onlink>http://app.databasin.org/app/pages/datasetPage.jsp?id=0ef9b6b4700942ef9adaecfb0b3857cd</onlink>
				<pubinfo>
					<publish/>
					<pubplace/>
				</pubinfo>
			</citeinfo>
		</citation>
		<ptcontac>
			<cntinfo>
				<cntperp>
					<cntper>Conservation Biology Institute (johnb@consbio.org)</cntper>
					<cntorg>Uganda Bureau of Statistics</cntorg>
				</cntperp>
			</cntinfo>
		</ptcontac>
		<status>
			<progress/>
			<update/>
		</status>
		<timeperd>
			<timeinfo>
				<sngdate/>
				<current/>
			</timeinfo>
		</timeperd>
		<keywords/>
		<spdom>
			<bounding>
				<northbc>4.234076631097735</northbc>
				<eastbc>35.000308036061</eastbc>
				<southbc>-1.4787935058764283</southbc>
				<westbc>29.572742361722398</westbc>
			</bounding>
		</spdom>
	</idinfo>
	<dataqual>
		<attracc>
			<attraccr/>
		</attracc>
		<complete/>
		<lineage>
			<procstep>
				<procdesc>Consolidated Data Basin Info: Dataset moved. (M:\Working\Poverty_mapping_Uganda\GIS\GIS_data\Ug_Health\Ug_rural-safe-water-coverage_DWD2008_03Jan09)&lt;br /&gt;Dataset copied.&lt;br /&gt;Metadata imported. (C:\DOCUME~1\FLOREN~1.LAN\LOCALS~1\Temp\xml4B.tmp)&lt;br /&gt;Metadata imported. (C:\DOCUME~1\FLOREN~1.LAN\LOCALS~1\Temp\xml65.tmp)&lt;br /&gt;Dataset moved. (M:\Working\Poverty_mapping_Uganda\GIS\GIS_metadata\Ug_District-boundaries2006)&lt;br /&gt;</procdesc>
			</procstep>
		</lineage>
	</dataqual>
	<eainfo>
		<detailed>
			<attr>
				<attrlabl>FID</attrlabl>
				<attalias>FID</attalias>
				<attrdef>Internal feature number.</attrdef>
				<attrdomv/>
			</attr>
			<attr>
				<attrlabl>Shape</attrlabl>
				<attalias>Shape</attalias>
				<attrdef>Feature geometry.</attrdef>
				<attrdomv/>
			</attr>
			<attr>
				<attrlabl>LEFT_FID</attrlabl>
				<attalias>LEFT_FID</attalias>
				<attrdef>Feature ID</attrdef>
				<attrdomv/>
			</attr>
			<attr>
				<attrlabl>RIGHT_FID</attrlabl>
				<attalias>RIGHT_FID</attalias>
				<attrdef>Feature ID</attrdef>
				<attrdomv/>
			</attr>
		</detailed>
	</eainfo>
	<distinfo>
		<resdesc>District boundaries of Uganda - 2006</resdesc>
		<distrib>
			<cntinfo>
				<cntorgp>
					<cntorg>Data Basin (www.databasin.org)</cntorg>
				</cntorgp>
				<cntemail>databasin@consbio.org</cntemail>
				<cntorgp/>
			</cntinfo>
			<cntinfo/>
			<cntinfo/>
		</distrib>
		<stdorder>
			<digform>
				<digtopt>
					<onlinopt>
						<computer>
							<networka>
								<networkr>http://app.databasin.org/app/pages/datasetPage.jsp?id=0ef9b6b4700942ef9adaecfb0b3857cd</networkr>
							</networka>
						</computer>
					</onlinopt>
				</digtopt>
			</digform>
		</stdorder>
	</distinfo>
	<Esri><CreaDate>20110514</CreaDate><CreaTime>05224000</CreaTime><ArcGISFormat>1.0</ArcGISFormat><SyncOnce>TRUE</SyncOnce><DataProperties><itemProps><itemLocation><linkage Sync="TRUE">file://\\IP-0A5317A4\C\arcgisserver\services\im2\0ef9b6b4700942ef9adaecfb0b3857cd\0ef9b6b4700942ef9adaecfb0b3857cd\commondata\data0\Ug_District-boundaries2006</linkage><protocol Sync="TRUE">Local Area Network</protocol></itemLocation></itemProps><copyHistory><copy source="C:\arcgisserver\services\im2\0ef9b6b4700942ef9adaecfb0b3857cd\commondata\data0\Ug_District-boundaries2006" dest="\\IP-0A5317A4\C\arcgisserver\services\im2\0ef9b6b4700942ef9adaecfb0b3857cd\0ef9b6b4700942ef9adaecfb0b3857cd\commondata\data0\Ug_District-boundaries2006" date="20110514" time="05224000"></copy></copyHistory></DataProperties></Esri></metadata>
